{
  "recall": {
    "5": 0.03540305010893246,
    "10": 0.037037037037037035,
    "15": 0.037037037037037035,
    "20": 0.037037037037037035,
    "25": 0.03812636165577342,
    "30": 0.0392156862745098,
    "35": 0.039760348583877995,
    "40": 0.04030501089324619,
    "45": 0.04139433551198257,
    "50": 0.041938997821350764
  },
  "ndcg": {
    "5": 0.020876889185965194,
    "10": 0.016827997548475353,
    "15": 0.014472464192626676,
    "20": 0.013037534040599093,
    "25": 0.012401385385886551,
    "30": 0.01197592293051096,
    "35": 0.011524557442905986,
    "40": 0.011175604835353554,
    "45": 0.011044993251621596,
    "50": 0.010818359673679672
  }
}