{
  "recall": {
    "5": 0.03594771241830065,
    "10": 0.037037037037037035,
    "15": 0.037037037037037035,
    "20": 0.037037037037037035,
    "25": 0.037037037037037035,
    "30": 0.03758169934640523,
    "35": 0.03867102396514161,
    "40": 0.03867102396514161,
    "45": 0.03867102396514161,
    "50": 0.039760348583877995
  },
  "ndcg": {
    "5": 0.021198072096518503,
    "10": 0.016827997548475353,
    "15": 0.014472464192626676,
    "20": 0.013037534040599093,
    "25": 0.012047060089146936,
    "30": 0.01147692614173967,
    "35": 0.01120881614310034,
    "40": 0.01072253977446084,
    "45": 0.010318348958751755,
    "50": 0.010256366963358647
  }
}